[
  {
    "id": 1,
    "title": "Spaghetti Carbonara",
    "image": "/images/carbonara.webp",
    "ingredients": [
      "200g Spaghetti",
      "100g Pancetta",
      "2 Eier",
      "50g Parmesan",
      "Pfeffer"
    ],
    "steps": [
      "Spaghetti kochen",
      "Pancetta anbraten",
      "Eier mit Parmesan mischen",
      "Alles vermengen"
    ]
  },
  {
    "id": 2,
    "title": "Gem\u00fcsesuppe",
    "image": "/images/gemuesesuppe-featured.webp",
    "ingredients": [
      "1 Zwiebel",
      "2 Karotten",
      "200g Kartoffeln",
      "Br\u00fche",
      "Gew\u00fcrze"
    ],
    "steps": [
      "Gem\u00fcse schneiden",
      "Br\u00fche erhitzen",
      "Gem\u00fcse garen"
    ]
  }
]